,Below is is the information showing the status of the house at Usariver campus,,,,,,,,,,,,,,,,,,,,,,,,,,,,,,,,,,,,,,,,,,
,,,,,,,,,,,,,,,,,,,,,,,,,,,,,,,,,,,,,,,,,,,
,Key,,,,,,,,,,,,,,,,,,,,,,,,,,,,,,,,,,,,,,,,,,
,,Available,,,,,,,,,,,,,,,,,,,,,,,,,,,,,,,,,,,,,,,,,
,,Taken,,,,,,,,,,,,,,,,,,,,,,,,,,,,,,,,,,,,,,,,,
,,Booked,,,,,,,,,,,,,,,,,,,,,,,,,,,,,,,,,,,,,,,,,
,House Letter,Name of the House,Number of Rooms,Furniture,June,,,,July,,,,August,,,,September,,,,October,,,,November,,,,December,,,,,,,,,,,,,,
,,,,,W1,W2,W3,W4,W1,W2,W3,W4,W1,W2,W3,W4,W1,W2,W3,W4,W1,W2,W3,W4,W1,W2,W3,W4,W1,W2,W3,W4,,,,,,,,,,,
,A,AirB&B,"3, Dining,kitchen,living room & 2 toilets",Furnished,,,,Baraka (25-29),,,,,,,,,,,,,,,,,,,,,,,,,,,,,,,,,,,
,B,Elephant ,"2 rooms, kitchen,toilet,and living room ",Furnished,,,,,,,,,,,,,,,,,,,,,,,,,,,,,,,,,,,,,,,
,C,Lion,"2 rooms, kitchen,toilet,and living room ",Furnished,"
",,,,,,,,,,,,,,,,,,,,,,,,,,,,,,,,,,,,,,
,D,Lion,"2 rooms, kitchen,toilet,and living room ",Furnished,,,,,,,,,,,,,,,,,,,,,,,,,,,,,,,,,,,,,,,
,E,Leopard ,"2 rooms, kitchen,toilet,and living room ",Unfurnished,,,,,,,,,,,,,,,,,,,,,,,,,,,,,,,,,,,,,,,
,F,Giraffe ,"2 rooms, kitchen,toilet,and living room ",Unfurnished,Msafiri (Academic Master),,,,,,,,,,,,,,,,,,,,,,,,,,,,,,,,,,,,,,
,G,Zebra,"2 rooms, kitchen,toilet,and living room ",Unfurnished,Pascaline (Heaf of Boarding and Student Experience),,,,,,,,,,,,,,,,,,,,,,,,,,,,,,,,,,,,,,
,H,Antelope,"2 rooms, kitchen,toilet,and living room ",Unfurnished,Jackline (Head of ECE,,,,,,,,,,,,,,,,,,,,,,,,,,,,,,,,,,,,,,
,,,,,,,,,,,,,,,,,,,,,,,,,,,,,,,,,,,,,,,,,,,
,,,,,,,,,,,,,,,,,,,,,,,,,,,,,,,,,,,,,,,,,,,
,,,,,,,,,,,,,,,,,,,,,,,,,,,,,,,,,,,,,,,,,,,
,,,,,,,,,,,,,,,,,,,,,,,,,,,,,,,,,,,,,,,,,,,
,,,,,,,,,,,,,,,,,,,,,,,,,,,,,,,,,,,,,,,,,,,
,,,,,,,,,,,,,,,,,,,,,,,,,,,,,,,,,,,,,,,,,,,
,,,,,,,,,,,,,,,,,,,,,,,,,,,,,,,,,,,,,,,,,,,
,,,,,,,,,,,,,,,,,,,,,,,,,,,,,,,,,,,,,,,,,,,
