,,,,,,,,,,,,,, ,,,,,,
,,,,Facilities Summary ,,,,,,,,,,,,,,,,
,,,,,,,,,,,,,,,Key Performance Indicator,Target,Actual ,Temp,,
,,,,Lead: ,Baraka,,,,,,,,,,1. Facilities Checklist Completion (% of 100),0.9,0.780952381,0.8677248677,,
,,,,,,,,,,,,,,,2. Generator Checklist Performance (out of 5),4.5,4.25,0.9444444444,,
,Month of,,,Summary of all key aspects of Facilities ,,,,,,,,,,,3. Repairs and Maintenance Completion (# of days),14.0,29.28571429,0.4780487805,,
,July,,,,,,,,,,,,,,,,,,,
,A,1. Facilities Checklist Completion (% of 100),,,,,,,,,,,,,Narrative section:,,,,,
,,,,8,,,,,,,,,,,,,,,,
,,"Current Month
Walkthrough Completion",,3,,4,,,,,,,,,,,,,,
,,"Current Month
Average Score",,0.780952381,,,,,,,,,,,,,,,,
,,,,,,,,,,,,,,,,,,,,
,,,,,,,,,,,,,,,,,,,,
,,,,,,,,,,,,,,,,,,,,
,B,2. Generator Checklist Performance (out of 5),,,,,,,,,,,,,,,,,,
,,,,,,,,,,,,,,,,,,,,
,,Days Checked This Month,,28,,,,,,,,,,,,,,,,
,,"Average Score Month
to Date (out of 5)",,4.25,,,,,,,,,,,,,,,,
,,,,,,,,,,,,,,,,,,,,
,,,,,,,,,,,,,,,,,,,,
,,,,,,,,,,,,,,,,,,,,
,,,,,,,,,,,,,,,,,,,,
,C,3. Repairs and Maintenance Completion (# of days),,,,,,,,,,,,,,,,,,
,,,,8,,,,,,,,,,,,,,,,
,,Outstanding Tickets as of Today,,2,,,,,,,,,,,,,,,,
,,Average Age of Outstanding Tickets,,#DIV/0!,,,,,,,,,,,,,,,,
,,,,,,,,,,,,,,,,,,,,
,,,,,,,,,,,,,,,,,,,,
,,Average Time to Close Tickets,,29.28571429,,,,,,,,,,,,,,,,
,,,,,,,,,,,,,,,,,,,,
,,,,,,,,,,,,,,,,,,,,
,,,,,,,,,,,,,,,,,,,,
,,,,,,,,,,,,,,,,,,,,
,,,,,,,,,,,,,,,,,,,,
