" ","CAMPUS","BUS NO","DRIVER NAME","INCIDENCE","LOCATION","SOLUTION","NEXT STEPS","Incidence report filled","","Months","Jan","Feb","Mar","Apr","May","Jun","Jul","Aug","Sep","Oct","Nov","Dec","","Total","",""
"26-Jan-2026","Usariver","T991 DSD","Iddi","A motorcycle collided with the school bus. Both vehicles were moving at normal speed, and the impact did not cause serious damage. All students are safe and unharmed. The motorcycle riders (bodaboda) sustained minor injuries.","Tuvaila","Leaders (Baraka and Aloyce) visited the scene and contacted the village chairman. After reviewing the situation, the school bus was released, as the school driver was not at fault.","1. Informing Karume about what happened as the bus is owned bu Ka rume car hire
2. Training to the drivers and bus riders on how to handle such situation once it happens
","","","Usariver","0","4","4","0","0","0","0","0","0","0","0","0","0","8","",""
"11-Feb-2026","Arusha Modern","T 348 DKS","Melekizedeki","Bajaji collided with the school bus. Minor damage happened to the car and know one was Injured or harmed","Njiro","Driver comunicated with his leader (Francis) repoted what happpened whereby Francis allowed him to continue with the Journey as the effect was very minor","- Meeting wiuththe driver for the process training
- Replace the brocken Indicator cape with the new one","","","Arusha Modern","0","6","0","0","0","0","0","0","0","0","0","0","0","6","",""
"13-Feb-2026","Usariver","T 910 APW","Erick Lewis","The car broke Diff arm and cause the journy to stop","Kiwawa","- Find another bus foe the backs up (Takinng students back home)                                                                                         ","","","","Kijenge","0","1","2","0","0","0","0","0","0","0","0","0","0","3","",""
"16-Feb-2026","Arusha Modern","Rental white","Musa","The car hit a parents gate but there was no damage on the hiace, this was hired hiace because our driver had visited Boma for root structure for a period of one week, the sliding gate was removed from the rail.","Sakina","The parent called the leader (Francis) and reported, Francis visited the sight with the driver and apologized but fixed back the gate to the rail","- Adviced the driver to get enough space for turning to avoid such incidents.","","","Ilboru","0","1","1","0","0","0","0","0","0","0","0","0","0","2","",""
"18-Feb-2026","Arusha Modern","T 400 BMC","Sebastian","The vehicle got stuck on mud","Ngaramtoni","The driver reported to Francis who coordinated with bus owner who brought another vehicle to pull it from mud","Adviced the driver to look for alternative road incase our normal route is impassible","","","Total","0","12","7","0","0","0","0","0","0","0","0","0","","19","",""
"20-Feb-2026","Arusha Modern","T 215 DAU","","This is Kijenge vehicle that came to serve AM after our driver Swai went to restructure the Kijenge route. The vehicle stalled suddenly","Aim Mall","The driver reported to Francis who sent DKS for back up and pupils were brought to school","Adviced car owner to put his vehicle in good condition to avoid a repeat of this.","","","","","","","","","","","","","","","","","","",""
"25-Feb-2026","Arusha Modern","T 348 DKS","Melkizedek","The vehicle engine cut off and there was no power supply neither could the vehicle start","Mianzini","we got  a back up from driver Fredy bringing pupils to school","Took wiring fundi to inspect the vehicle and repaired the vehicle ","","","#VALUE!","","","","","","","","","","","","","","","",""
"6-Mar-2026","Usariver","T910 APW","Erick Lewis","Broken Hub Holding Tyre","Kiwawa","-The driver reported the issue to theHead driver,and another vehicle was dispatched to back him up so that the childrenwould not be delayed, as he was on route        -After that, the Head Driver called the technician again to come and inspect the problem and resolve it.           ","-Advise the drivers to reduce speed when passing through areas with potholes to prevent the hub from breaking.","","","Boma","0","1","1","0","0","0","0","0","0","0","0","0","0","2","",""
"17-Apr-2026","Usariver","T 910 APW","Erick Lewis","The radiator burst","Kiwawa","-The driver reported the issue to theHead driver,and another vehicle was dispatched to back him up so that the childrenwould not be delayed, as he was on route        -After that, the Head Driver called the technician again to come and inspect the problem and resolve it.           ","-Advise the drivers to reduce speed when passing through areas with potholes to prevent the radiator.","","","","","","","","","","","","","","","","","","",""
"27-Apr-2026","Arusha Modern","T 348 DKS","Melkizedek","Broken torshen bar","Kimandolu","Repaired","Weekly vehicle inspection ","","","","","","","","","","","","","","","","","","",""
"20-May-2026","Arusha Modern","CHE","Logida","Two flat tires","Sakina","Ordered two new tires","Weekly vehicle inspection ","","","","","","","","","","","","","","","","","","",""
"12-May-2026","Arusha Modern","T 418 EBM","Swai","Timing belt  and Head cylinder","Shamsi","vehicle pulled to school and repair done","Weekly vehicle inspection ","","","","","","","","","","","","","","","","","","",""
"22-May-2026","Arusha Modern","CHE","Longida","Tube housing, stab axle  and axle","Tecnico","vehicle pulled to school  and repair in progress","","","","","","","","","","","","","","","","","","","",""